<?xml version='1.0' encoding='UTF-8' ?>
<timeLogEntries>
  <time id="11" path="/Non Project/PSP Training/Report/Planning" start="@1542011620122" delta="426" />
  <time id="13" path="/Non Project/PSP Training/Program 1/Planning" start="@1566423522418" />
  <time id="14" path="/Non Project/PSP Training/Program 1/Planning" start="@1566423450845" delta="7" />
  <time id="15" path="/Non Project/PSP Training/Program 1/Design" start="@1566425154752" delta="1" />
  <time id="16" path="/Non Project/PSP Training/Program 1/Code" start="@1566425156696" delta="6" />
  <time id="17" path="/Non Project/PSP Training/Program 1/Code" start="@1566832285774" delta="8" interrupt="5" />
  <time id="18" path="/Non Project/PSP Training/Program 1/Code" start="@1566833428302" delta="5" interrupt="4" />
  <time id="19" path="/Non Project/PSP Training/Program 1/Code" start="@1566834095478" delta="2" />
  <time id="20" path="/Non Project/PSP Training/Program 1/Code" start="@1566835652870" delta="3" interrupt="1" />
  <time id="21" path="/Non Project/PSP Training/Program 1/Code" start="@1566838292742" delta="4" interrupt="2" />
  <time id="22" path="/Non Project/PSP Training/Program 1/Code" start="@1566838953604" delta="3" />
  <time id="23" path="/Non Project/PSP Training/Program 1/Code" start="@1566841102749" delta="4" interrupt="1" />
  <time id="24" path="/Non Project/PSP Training/Program 1/Code" start="@1566841655738" delta="1" />
  <time id="25" path="/Non Project/PSP Training/Program 1/Code" start="@1566848140214" delta="10" />
  <time id="26" path="/Non Project/PSP Training/Program 1/Code" start="@1566849377217" delta="61" interrupt="1" />
  <time id="27" path="/Non Project/PSP Training/Program 1/Test" start="@1566853115542" delta="4" />
  <time id="28" path="/Non Project/PSP Training/Program 1/Postmortem" start="@1566853353441" delta="5" interrupt="59" />
  <time id="30" path="/Non Project/PSP Training/Program 2/Planning" start="@1567524694412" delta="1" />
  <time id="31" path="/Non Project/PSP Training/Program 2/Planning" start="@1567524777015" delta="16" interrupt="2" />
  <time id="32" path="/Non Project/PSP Training/Program 2/Planning" start="@1567526160447" delta="27" />
  <time id="33" path="/Non Project/PSP Training/Program 2/Design" start="@1568062954079" delta="9" />
  <time id="34" path="/Non Project/PSP Training/Program 2/Code" start="@1568146291855" delta="329" interrupt="177" comment="ME QUEDE DORMIDO Y LO DEJE CORRIENDO" />
  <time id="35" path="/Non Project/PSP Training/Program 2/Compile" start="@1568317095951" delta="75" />
  <time id="36" path="/Non Project/PSP Training/Program 2/Compile" start="@1568324302956" delta="45" />
  <time id="37" path="/Non Project/PSP Training/Program 2/Test" start="@1568327031785" delta="3" interrupt="19" />
  <time id="38" path="/Non Project/PSP Training/Program 2/Postmortem" start="@1568328366074" delta="5" />
  <time id="39" path="/Non Project/PSP Training/Program 4/Planning" start="@1570046865148" delta="5" />
  <time id="40" path="/Non Project/PSP Training/Program 4/Design" start="@1570047214347" delta="22" interrupt="2" />
  <time id="41" path="/Non Project/PSP Training/Program 4/Design" start="@1570048944045" delta="11" />
  <time id="42" path="/Non Project/PSP Training/Program 4/Design" start="@1570506870365" delta="13" />
  <time id="43" path="/Non Project/PSP Training/Program 4/Design Review" start="@1570507664077" delta="2" />
  <time id="44" path="/Non Project/PSP Training/Program 4/Code" start="@1570507763958" delta="39" />
  <time id="45" path="/Non Project/PSP Training/Program 4/Code Review" start="@1570510082214" delta="2" />
  <time id="46" path="/Non Project/PSP Training/Program 4/Compile" start="@1570510219585" delta="3" />
  <time id="47" path="/Non Project/PSP Training/Program 4/Test" start="@1570510394155" delta="33" />
  <time id="48" path="/Non Project/PSP Training/Program 4/Postmortem" start="@1570512351430" delta="5" />
  <time id="49" path="/Non Project/PSP Training/Program 3/Planning" start="@1570634261410" delta="17" interrupt="3" />
  <time id="50" path="/Non Project/PSP Training/Program 3/Planning" start="@1570635761552" delta="2" />
  <time id="51" path="/Non Project/PSP Training/Program 3/Design" start="@1570635978581" delta="3" interrupt="6" />
  <time id="52" path="/Non Project/PSP Training/Program 3/Design" start="@1570636689450" delta="4" interrupt="3" />
  <time id="53" path="/Non Project/PSP Training/Program 3/Design" start="@1570647794700" delta="16" />
  <time id="54" path="/Non Project/PSP Training/Program 3/Design Review" start="@1570648859188" delta="3" />
  <time id="55" path="/Non Project/PSP Training/Program 3/Code" start="@1570649031369" delta="87" interrupt="18" />
  <time id="56" path="/Non Project/PSP Training/Program 3/Code Review" start="@1570655347363" delta="1" />
  <time id="57" path="/Non Project/PSP Training/Program 3/Compile" start="@1570655426802" delta="5" />
  <time id="58" path="/Non Project/PSP Training/Program 3/Test" start="@1570655728227" delta="5" interrupt="1082" />
  <time id="59" path="/Non Project/PSP Training/Program 3/Test" start="@1570721121366" delta="6" />
  <time id="60" path="/Non Project/PSP Training/Program 3/Postmortem" start="@1570721508450" delta="1" />
</timeLogEntries>
