<?xml version='1.0' encoding='UTF-8' ?>
<timeLogEntries>
  <time id="61" path="/Non Project/PSP Training/Program 5/Planning" start="@1571764879666" delta="17" flag="A" />
  <time id="62" path="/Non Project/PSP Training/Program 5/Design" start="@1571765887299" delta="8" flag="A" />
  <time id="63" path="/Non Project/PSP Training/Program 5/Design Review" start="@1571766375784" delta="80" flag="A" />
  <time id="64" path="/Non Project/PSP Training/Program 5/Code" start="@1571771189767" delta="20" flag="A" />
  <time id="65" path="/Non Project/PSP Training/Program 5/Code Review" start="@1571772368010" delta="3" flag="A" />
  <time id="66" path="/Non Project/PSP Training/Program 5/Compile" start="@1571772537704" delta="3" interrupt="1" flag="A" />
  <time id="67" path="/Non Project/PSP Training/Program 5/Test" start="@1571772777752" delta="6" interrupt="12" flag="A" />
  <time id="68" path="/Non Project/PSP Training/Program 5/Test" start="@1571773966566" delta="2" flag="A" />
  <time id="69" path="/Non Project/PSP Training/Program 5/Postmortem" start="@1571774305256" delta="4" flag="A" />
</timeLogEntries>
