<?xml version='1.0' encoding='UTF-8' ?>
<timeLogEntries>
  <time id="101" path="/Non Project/PSP Training/Report/Revisar Reporte" start="@1575663844000" delta="75" flag="A" />
  <time id="100" start="@1574882927000" delta="-6420" flag="M" />
  <time id="99" start="@1574909321000" flag="M" />
  <time id="98" flag="D" />
  <time id="102" flag="D" />
  <time id="103" path="/Non Project/PSP Training/Report/Postmortem" start="@1575671410687" delta="6" flag="A" />
  <time id="92" flag="D" />
  <time id="91" flag="D" />
  <time id="90" flag="D" />
  <time id="89" flag="D" />
  <time id="104" path="/Non Project/PSP Training/Report/Postmortem" start="@1575674701975" delta="1" flag="A" />
  <time id="105" path="/Non Project/PSP Training/Report/Postmortem" start="@1575674766104" delta="2" flag="A" />
  <time id="106" path="/Non Project/PSP Training/Report/Postmortem" start="@1575674905131" delta="3" flag="A" />
  <time id="107" path="/Non Project/PSP Training/Report/Postmortem" start="@1575675192547" delta="2" flag="A" />
  <time id="108" path="/Non Project/PSP Training/Report/Postmortem" start="@1575675292752" delta="4" flag="A" />
  <time id="109" path="/Non Project/PSP Training/Report/Postmortem" start="@1575675563006" delta="2" flag="A" />
  <time id="110" path="/Non Project/PSP Training/Report/Postmortem" start="@1575675710250" delta="1" flag="A" />
  <time id="111" path="/Non Project/PSP Training/Report/Postmortem" start="@1575675748145" delta="1" flag="A" />
  <time id="112" path="/Non Project/PSP Training/Report/Postmortem" start="@1575675813596" delta="3" flag="A" />
  <time id="11" start="@1543394020000" delta="-401" flag="M" />
  <time id="96" path="/Non Project/PSP Training/Report/Escribir Reporte" start="@1574896696000" flag="M" />
  <time id="113" flag="D" />
</timeLogEntries>
