<?xml version='1.0' encoding='UTF-8' ?>
<timeLogEntries>
  <time id="101" path="/Non Project/PSP Training/Report/Escribir Reporte" start="@1575663844557" delta="75" flag="A" />
  <time id="100" start="@1574882927000" delta="-6420" flag="M" />
  <time id="99" start="@1574909321000" flag="M" />
  <time id="98" flag="D" />
  <time id="102" flag="D" />
  <time id="103" path="/Non Project/PSP Training/Report/Postmortem" start="@1575671410687" delta="6" flag="A" />
  <time id="92" flag="D" />
  <time id="91" flag="D" />
  <time id="90" flag="D" />
  <time id="89" flag="D" />
</timeLogEntries>
