<?xml version='1.0' encoding='UTF-8' ?>
<timeLogEntries>
  <time id="39" path="/Non Project/PSP Training/Program 4/Planning" start="@1570046865148" delta="5" flag="A" />
  <time id="40" path="/Non Project/PSP Training/Program 4/Design" start="@1570047214347" delta="22" interrupt="2" flag="A" />
  <time id="41" path="/Non Project/PSP Training/Program 4/Design" start="@1570048944045" delta="11" flag="A" />
  <time id="42" path="/Non Project/PSP Training/Program 4/Design" start="@1570506870365" delta="13" flag="A" />
  <time id="43" path="/Non Project/PSP Training/Program 4/Design Review" start="@1570507664077" delta="2" flag="A" />
  <time id="44" path="/Non Project/PSP Training/Program 4/Code" start="@1570507763958" delta="39" flag="A" />
  <time id="45" path="/Non Project/PSP Training/Program 4/Code Review" start="@1570510082214" delta="2" flag="A" />
  <time id="46" path="/Non Project/PSP Training/Program 4/Compile" start="@1570510219585" delta="3" flag="A" />
  <time id="47" path="/Non Project/PSP Training/Program 4/Test" start="@1570510394155" delta="33" flag="A" />
  <time id="48" path="/Non Project/PSP Training/Program 4/Postmortem" start="@1570512351430" delta="5" flag="A" />
</timeLogEntries>
