<?xml version='1.0' encoding='UTF-8' ?>
<timeLogEntries>
  <time id="17" path="/Non Project/PSP Training/Program 1/Code" start="@1566832285774" delta="8" interrupt="5" flag="A" />
  <time id="18" path="/Non Project/PSP Training/Program 1/Code" start="@1566833428302" delta="5" interrupt="4" flag="A" />
  <time id="19" path="/Non Project/PSP Training/Program 1/Code" start="@1566834095478" delta="2" flag="A" />
  <time id="20" path="/Non Project/PSP Training/Program 1/Code" start="@1566835652870" delta="3" interrupt="1" flag="A" />
  <time id="21" path="/Non Project/PSP Training/Program 1/Code" start="@1566838292742" delta="4" interrupt="2" flag="A" />
  <time id="22" path="/Non Project/PSP Training/Program 1/Code" start="@1566838953604" delta="3" flag="A" />
  <time id="23" path="/Non Project/PSP Training/Program 1/Code" start="@1566841102749" delta="4" interrupt="1" flag="A" />
  <time id="24" path="/Non Project/PSP Training/Program 1/Code" start="@1566841655738" delta="1" flag="A" />
  <time id="25" path="/Non Project/PSP Training/Program 1/Code" start="@1566848140214" delta="10" flag="A" />
  <time id="26" path="/Non Project/PSP Training/Program 1/Code" start="@1566849377217" delta="61" interrupt="1" flag="A" />
  <time id="27" path="/Non Project/PSP Training/Program 1/Test" start="@1566853115542" delta="4" flag="A" />
  <time id="28" path="/Non Project/PSP Training/Program 1/Postmortem" start="@1566853353441" delta="5" interrupt="59" flag="A" />
</timeLogEntries>
