<?xml version='1.0' encoding='UTF-8' ?>
<timeLogEntries>
  <time id="80" path="/Non Project/PSP Training/Program 7/Planning" start="@1574290217737" delta="10" flag="A" />
  <time id="81" path="/Non Project/PSP Training/Program 7/Design" start="@1574290795070" delta="23" flag="A" />
  <time id="82" path="/Non Project/PSP Training/Program 7/Design" start="@1574364974685" delta="59" interrupt="2" flag="A" />
  <time id="83" path="/Non Project/PSP Training/Program 7/Design Review" start="@1574368686459" delta="3" flag="A" />
  <time id="84" path="/Non Project/PSP Training/Program 7/Code" start="@1574368848552" delta="24" flag="A" />
  <time id="85" path="/Non Project/PSP Training/Program 7/Code" start="@1574371416984" delta="17" interrupt="11" flag="A" />
  <time id="86" path="/Non Project/PSP Training/Program 7/Code" start="@1574374164911" delta="37" interrupt="3" flag="A" />
  <time id="87" path="/Non Project/PSP Training/Program 7/Code Review" start="@1574376603073" delta="1" flag="A" />
  <time id="88" path="/Non Project/PSP Training/Program 7/Compile" start="@1574376639856" delta="3" flag="A" />
  <time id="89" path="/Non Project/PSP Training/Program 7/Design" start="@1574377028279" delta="1" flag="A" />
  <time id="90" path="/Non Project/PSP Training/Program 7/Design Review" start="@1574377040304" delta="1" flag="A" />
  <time id="91" path="/Non Project/PSP Training/Program 7/Code" start="@1574377041109" delta="1" flag="A" />
  <time id="92" path="/Non Project/PSP Training/Program 7/Code Review" start="@1574377042111" delta="1" flag="A" />
  <time id="93" path="/Non Project/PSP Training/Program 7/Test" start="@1574377043357" delta="13" interrupt="4" flag="A" />
  <time id="94" path="/Non Project/PSP Training/Program 7/Postmortem" start="@1574378103464" delta="4" flag="A" />
  <time id="95" path="/Non Project/PSP Training/Program 7/Postmortem" start="@1574378423260" delta="3" flag="A" />
</timeLogEntries>
